timestamp,cycle_num,window_ts,strike_K,entry_spot,delta_entry,decision,token_id,order_id,status,tx_hash,entry_price,shares,final_spot,winner,result,payout,cycle_pnl,total_pnl,balance,hedged,hedge_decision,hedge_tx_hash,hedge_shares,hedge_payout
2026-09-19 21:35:04,1,1789849800,81249.04,81260.48,11.44,UP,43497087774996937622263826458812121179731917653822481075294257073298202085165,0x24d31f0a8ba6a7940c63ce853601687fc3b2467cf2ab0ba78bcd6668d6977862,SUCCESS,0xc1bf436ac6806372728ca213eec22c19fafc60c79bc0683a794cd6cc58b1eac1,0.335,2.9851,81246.77,DOWN,DERROTA,0.0,-1.0,-1.0,19.74
2026-09-19 21:40:04,2,1789850100,81246.78,81258.0,11.22,UP,84533828549318886255927954270513470640312357984279361902267699468341471336776,0x27c862f6f570639c3221a23f8f110cee08f7bfb9c1f387df4203267cf4da22d3,SUCCESS,0x03a3cda7f1b36a1b15730c8b1378e1439c4687a2836258831e350ad242dc65fe,0.495,2.0202,81266.0,UP,VITORIA,2.02,1.02,0.02,18.71
2026-09-19 21:45:04,3,1789850400,81266.01,81263.88,-2.13,UP,106762898887070712285716192377878989772955458954866443488386318284901851823416,0x1e1711e08eb95ffafd722b6778679fd45159fbb094811f0b1a3b307634f0f502,SUCCESS,0x4d7695507ee15280fb09054fdfbb7b0ae7c0f9f215ace7650a53de599a157878,0.435,2.2989,81278.78,UP,VITORIA,2.3,1.3,1.32,19.29
2026-09-19 21:50:04,4,1789850700,81287.1,81224.0,-63.1,DOWN,74268240786370014180307693249627791428569550958563526029374890484499628550573,0xe3a479e358e3bfa29ec23b530dfe677b53e62328aa8da7daf6afd7aa08df79a2,SUCCESS,0x2612122cb2be048426ced772938b966271a910f626fc88d796bd8c01398e20bd,0.325,3.0769,81214.75,DOWN,VITORIA,3.08,2.08,3.4,20.41
2026-09-19 21:55:04,5,1789851000,81214.75,81162.4,-52.35,DOWN,84461294101416605329380268461961736270744386728999993221116315195515972627063,,FAILED,,0.695,1.4388,81142.0,DOWN,VITORIA,1.44,0.44,3.84,21.56
2026-09-19 22:00:03,6,1789851300,81142.0,81113.87,-28.13,DOWN,90810109506655619944214149105303514838468488852051704742774205552563364700030,0xfc744000db1caa280e06bc008c2320b4ec23b81282ee17b54176e38eb115efc1,SUCCESS,0x3cc0da837132a4058c0bc9261c5ca21c68d49d2f343a2f6d7d12cd57ad92923d,0.745,1.3423,81158.0,UP,DERROTA,0.0,-1.0,2.84,20.54
2026-09-19 22:05:04,7,1789851600,81155.33,81191.45,36.12,UP,47960358236341721187200327164989093282108074973845437991234862248418299042940,0x4f8873f1418ecd8722e58d194ef55064478a218aac42b91d1232b4400493d1f4,SUCCESS,0x8e9cbd86233696417e2a53c7093d5e4181ac77d6ab7391d9bb7157e0e2dd6231,0.685,1.4599,81193.4,UP,VITORIA,1.46,0.46,3.3,19.53
2026-09-19 22:10:04,8,1789851900,81193.41,81156.17,-37.24,DOWN,69176612304292818051946220941340823331911469283095627771313624805806378271675,0x0927bde26de4dc401126e04f83c62d16843e7e89a506009ff6fffaed0ff32088,SUCCESS,0x18838d6116655f8998af474edac528d6f7a9be58017bad4f90980cbd526361ed,0.775,1.2903,81073.61,DOWN,VITORIA,1.29,0.29,3.59,19.62
2026-09-19 22:15:03,9,1789852200,81090.61,81050.01,-40.6,DOWN,107263163667178333834958036987751044418592471698838625925044184338890883394606,0xb0fcbce6743240447801a05a58260588f512e3c81ebd814969eb93bbfdb596ff,SUCCESS,0x45d50a6097118c4823b6086cd953d04925f0e175eec1a6c7684b99bd5f3ead44,0.495,2.0202,80973.35,DOWN,VITORIA,2.02,1.02,4.61,19.69
2026-09-19 22:20:03,10,1789852500,81000.0,81014.01,14.01,DOWN,105723145443344284865871862850398860681641961704830792251387509866848415219320,0x30095f6eaffbf02ccabd20535fc8b9068d8209d6aeb78dd6bcf716d682e9a249,SUCCESS,0x09eab890196e12f0614c8828f94793f9c1fe4f928ab4869272f1ae6b20d990cf,0.475,2.1053,80994.01,DOWN,VITORIA,2.11,1.11,5.72,19.72
2026-09-19 22:25:03,11,1789852800,80994.02,80906.81,-87.21,DOWN,49346533177888458470803386859277143038015536366863762736664477649755749824765,0xd2bd3e62d130653ae08b9761cff672fc62dbf6b2b2fb7bae4bb0c21484ae7e4b,SUCCESS,0x0a34cadcd627078a83b782603bd634954c7b4e9df2883086e90c792ea1b86218,0.475,2.1053,81032.43,UP,DERROTA,0.0,-1.0,4.72,20.71
2026-09-19 22:30:04,12,1789853100,81032.43,81066.01,33.58,UP,5528963085500843485288812387250190614907814603160841061882124251614899846227,0x3ee18dd2cdb84375918c0df3a7f28fd1d4d77b1fbeebc2f590d2a26b568512e9,SUCCESS,0x11e8531d13f84995adf33955017c6ea8817ce30e50fd0ca580e39f886c161ab3,0.535,1.8692,81048.06,UP,VITORIA,1.87,0.87,5.59,19.71
2026-09-19 22:35:03,13,1789853400,81060.0,81030.0,-30.0,DOWN,13637077162034583942141969159543183488182227376438016804757758904370105566116,,FAILED,,0.775,1.2903,80970.96,DOWN,VITORIA,1.29,0.29,5.88,20.78
2026-09-19 22:40:03,14,1789853700,81002.0,80956.0,-46.0,DOWN,63153493647466461116073486746831080424489135895131888020256477546388790355529,0x71fbab60f6d7e2c0da060d50f755e4c55111d0ffe35a99331ac256dbaade4e4c,SUCCESS,0x41fc9f4dfd25db7f41060d073f2c6e021e7a342be4838d55310d0a555c5d8bce,0.495,2.0202,81062.0,UP,DERROTA,0.0,-1.0,4.88,19.78
2026-09-19 22:45:04,15,1789854000,81052.66,81028.8,-23.86,DOWN,76399820048860947186923949575161407245309860337572723426203211102941545943383,0x6b57814bdd6c4c56eadae6b265e1615c2810385cb6aeab74054b55373374f47a,SUCCESS,0xd67701749481965027d789074b94ea2c17bac0e69867179dcd71f9fa895052ef,0.495,2.0202,81020.0,DOWN,VITORIA,2.02,1.02,5.9,18.76
2026-09-19 22:50:04,16,1789854300,81020.0,81070.95,50.95,UP,70799122165303488503925727677708743600439506926464622131609675023848651676826,0xefd99b0104b372ffbaf0ae345faed0668cb2d9300b0d7089c13711393d0ed6e3,SUCCESS,0x525f0d7758747dbcceb85bc6a916444d6acf15291a74edcd6273a05128aa4bf7,0.515,1.9417,81116.01,UP,VITORIA,1.94,0.94,6.84,19.09
2026-09-19 22:55:03,17,1789854600,81116.0,81110.58,-5.42,DOWN,43535783628935619515477773235966797886840541502169953011135200309574949634320,0x7f71c9dbe1b957faa0f5f689f81b9d1dfda1d78f268aae0a9217b860c477633a,SUCCESS,0x31d2b0b12ca3240e422479bf51410927a66a5ccceaf6d91d1599d37aaa95fdb5,0.475,2.1053,81135.15,UP,DERROTA,0.0,-1.0,5.84,19.12
2026-09-19 23:00:03,18,1789854900,81135.16,81116.08,-19.08,DOWN,75263144955511942819066361807416558708060477892585142262732222788401578162491,0xb8c59ceb7344511200aa5bb93b234f2055357c3a16625b768b722b5560185c65,SUCCESS,0x85eea4515faabf77f20fca2f2a22108070a013e6ad4c071a80d827b001125ccc,0.495,2.0202,81100.42,DOWN,VITORIA,2.02,1.02,6.86,18.1
2026-09-19 23:05:03,19,1789855200,81100.42,81023.04,-77.38,DOWN,3135136770761277791076329066144669175497535139072209034455757896077803878341,0x2dad4bd81162ab5fdc394338ab10ba0f4092d2f207e84a0a58239c73b0f79559,SUCCESS,0x2bf88c19aa26877a729d21b397507134b8e1fffc6f73bcf33a9f8d4c1d246fef,0.495,2.0202,80991.78,DOWN,VITORIA,2.02,1.02,7.88,18.68
2026-09-19 23:10:03,20,1789855500,80985.64,81048.0,62.36,UP,24236205643014724677974356405017771305719173142861273214781963020459218945183,0x31139f5096581b6c8b91976c8195713e789f3e07ba74d398dec2628fa2f9d10a,SUCCESS,0x55faa773956396fa73b7b41c0c370ad081c278e32d0bb2d293e60732107a1a75,0.59,1.6949,81030.01,UP,VITORIA,1.69,0.69,8.57,18.72
2026-09-19 23:15:03,21,1789855800,81055.4,81011.78,-43.62,DOWN,33820643568813158804591543750646594579948441100232970154396069096242348892636,0x184af245cc982dff52e0c583741df0b888107d66b84d6ec92327e3f3027cf4ad,SUCCESS,0xca0c4c8a5110afa02da774482726571523ce72b92ba0820fb78c40901030f98c,0.735,1.3605,81006.01,DOWN,VITORIA,1.36,0.36,8.93,18.76
2026-09-19 23:20:03,22,1789856100,81006.0,81092.0,86.0,UP,33438967486571820738186487962771553048411858858447884827958678261270610370230,0x4a9244931f638337c6c9be163f4bd9c8018001aca608467583ceb470af222dbf,SUCCESS,0xc249716c032c68af23e2b1304091f8e43c4d219f57323eb4eb40da9943b2d5a9,0.485,2.0619,81047.3,UP,VITORIA,2.06,1.06,9.99,19.08
2026-09-19 23:25:03,23,1789856400,81047.31,81008.14,-39.17,DOWN,106704835748308543450172402834215514982357699826153598089134979411316293958265,,FAILED,,0.495,2.0202,81060.01,UP,DERROTA,0.0,-1.0,8.99,20.12
2026-09-19 23:30:04,24,1789856700,81063.83,81060.0,-3.83,DOWN,42323896583683697434127784476636634321601709843594934066447476470908531868753,0xd7706d42a57f2cc18d43f3ab8c9c0f989906783ad33ca1e19219a0e9832b06ac,SUCCESS,0x9934589c51e62db75859689040e07071646572d8c834a2d6d0bfd485afd1e66e,0.435,2.2989,81069.37,UP,DERROTA,0.0,-1.0,7.99,19.08
2026-09-19 23:35:04,25,1789857000,81062.83,81091.89,29.06,UP,32306686523996370541390302891565991612365125755159888779134427409289746068842,0x6105135e6df0245c5ec5a6647d12bc64fd3d0ba16897d74fb9507b2c9fa3811d,SUCCESS,0x5a3b879de61330db5ab1824618ee3633c7f88d53c3413db58dbc27455f713715,0.685,1.4599,81119.73,UP,VITORIA,1.46,0.46,8.45,18.06
2026-09-19 23:40:04,26,1789857300,81108.0,81204.06,96.06,UP,43446689770344143766993588245924405680296925325250784203132350887324271334275,0x883791a0d014b22a7395d265a99bdb6ff3f78e2344c4cb67e0790f968a04b613,SUCCESS,0x53bff4964031024e3b726baea32fc82474af25aa86f9e42b4322d7913889625e,0.885,1.1299,81217.24,UP,VITORIA,1.13,0.13,8.58,18.5
2026-09-19 23:45:04,27,1789857600,81218.0,81212.61,-5.39,DOWN,32308607907895608711867614870011545923345303855658746918650853695135460921654,0x837d997ffaa4a984cab86fe69936c13f31d0aed31bd5b6faf4850aa1c07fc36d,SUCCESS,0xdb71ccb554c37382fe1bf17be11205e52d2d63c178e537a4b3ec14ffd2d9a3af,0.425,2.3529,81242.01,UP,DERROTA,0.0,-1.0,7.58,18.5
2026-09-20 00:15:15,28,1789859400,81240.46,81240.46,0.0,UP,94750222520051288697402206357060478873884747044074512454342270178854713569523,0xcb1c91c70b53cf9d2e4f4c4be5d349176f1d14702d151057335932582d18e533,SUCCESS,0xb968b97bf68435c4d2c247e22ed52945afe00977935e850f708036dedb4deb50,0.495,2.0202,81255.17,UP,VITORIA,2.02,1.02,-1.01,17.49,NAO,-,,0.0,0.0
2026-09-20 00:20:05,29,1789859700,81267.97,81270.83,2.86,UP,108933842922676046486112601741778108636401143331274821458998285259000594465553,0x35ab39a6fdd225b5564a3f2c7675b1363b36602c1c2cb0e6e3b7c8c5e5955dec,SUCCESS,0x82192e68d8ea09c90c1900ded2f6c52ae12181eae2f55d5bfbfa7ad9faf85388,0.495,2.0202,81230.83,DOWN,DERROTA,0.0,-1.0,-0.83,17.67,NAO,-,,0.0,0.0
2026-09-20 00:30:08,30,1789860300,81212.02,81189.13,-22.89,DOWN,70400286215571883568893610362087586546249980970946549142422089750940571556902,0x52a95bf23b9edcd24d40ba52c0898da7da98bdc3dbfb6ef12a60a71befae059d,SUCCESS,0xadd925526a9967cbd1d2860f76e172e0ac599349375f8ccb51e3b52083251694,0.485,2.0619,81279.08,DOWN,VITORIA (HEDGE),2.06,0.06,-2.01,15.66,SIM,UP,0xf67814ba80b30e1da6e4d06d0317660b328ff89f13569c8e1d4882c2e5157f0b,1.9417,0.0
2026-09-20 00:35:16,31,1789860600,81279.08,81276.34,-2.74,UP,80064091489823355722848433201070603846175639238777344905404054885713428658971,0xd75f4f1e39f54cebf1485b55fdf68cc9b3f6ddfaf67d1b01efeaeecc4873ae4b,SUCCESS,0x6ec85da1038491ffd0977f9c05e29d1b89f03681eccc1949ee23ba0136b20ce4,0.415,2.4096,81329.17,UP,VITORIA,2.41,1.41,-2.0,15.68,NAO,-,,0.0,0.0
2026-09-20 00:40:08,32,1789860900,81329.17,81335.77,6.6,UP,100598485054185300052661559978697662718505363986077229653731375654905312063225,0x3dd95071dd60acee8340e7de96484d04bdc6f4ea1c5d215a5c573c1a490e5ba5,SUCCESS,0x35a3d8b5b99a97c7b1a18542f19cdf99bb908cabdb3494719b50f70baacd85fd,0.485,2.0619,81271.19,DOWN,DEFESA (PERDA MINIMIZADA),1.94,-0.06,-2.4,15.27,SIM,DOWN,0x365b10085f31256a715b56a2f8c4c8d3aa6567762dff8bf7e49a075e51e96b89,1.9417,1.94
2026-09-20 00:45:15,33,1789861200,81271.19,81266.31,-4.88,DOWN,15930223514885069311642433939530867521031167383692191620795243656040722110518,0x6626f30f7fa39a02da1286a7865c9c9eaabf139008d6abc34d38d6689ab60b54,SUCCESS,0xc13fb03de23506d647832ac7988f290ffa586db6b52309499ffa8b26f68d0700,0.505,1.9802,81249.5,DOWN,VITORIA,1.98,0.98,-2.41,15.26,NAO,-,,0.0,0.0
2026-09-20 00:50:17,34,1789861500,81249.5,81264.29,14.79,UP,19285170436011081277351698926936104359376479281207501770308919532336573243428,0x88717821d41a9195ee0350d08f17c8b6ece584f24f3b650c1fe6b7a3cc09f03d,SUCCESS,0xb066de8139b8b95957ff85ee256386c6e71a1c9ce71746210b645b9c760af8f0,0.485,2.0619,81267.85,UP,VITORIA,2.06,1.06,-2.1,15.58,NAO,-,,0.0,0.0
2026-09-20 00:55:17,35,1789861800,81267.85,81268.49,0.64,UP,70204700894819767953234556153224432257075752983326824313726388323397303693580,0x96589669a1dbddae7618e3736ba3018f82f69a2384653e0755944fdf7cdea7e3,SUCCESS,0x9457f04bdac3b0e432308cd8c0deb7156a4c390b050c70587665f06680325d0a,0.495,2.0202,81290.4,UP,VITORIA,2.02,1.02,-1.79,15.88,NAO,-,,0.0,0.0
2026-09-20 01:00:18,36,1789862100,81290.4,81278.94,-11.46,DOWN,26480174272940675142690134209976121295238352956913539661617882411698780424884,0x774e23b9077bd59dc1fa19b8116d7c15ce4ad290d6c248e7be5f9ac2a91d9d33,SUCCESS,0xd8cdeb9abcd8818c79826205d2e114024443d547d65f82ecfff4af2384232538,0.505,1.9802,81229.83,DOWN,VITORIA,1.98,0.98,-0.92,16.76,NAO,-,,0.0,0.0
2026-09-20 01:05:10,37,1789862400,81229.83,81216.62,-13.21,DOWN,56520280460021065547730327115861722253943965381530092360376265604279203337347,0x226e59cf0f511442fb4c97b47d6f2b05db219ce99d9f6a095e3730dbb7990aad,SUCCESS,0x1a0b57c1798b9988f1c0671d66509b9c363fe530944e307386b39fefd1b39c4b,0.505,1.9802,81188.34,DOWN,VITORIA,1.98,0.98,-0.81,16.87,NAO,-,,0.0,0.0
2026-09-20 01:10:18,38,1789862700,81188.34,81191.1,2.76,UP,21526639888734313115391373365824865053958089617297749853672342685426162050348,0xd837ab9a0f0b87ca0e0557ca0af2c7ed19d3a8f845c291e56818f3a49220f71d,SUCCESS,0x4f78e94011f87220d449399cc632aaca1e77296f5e15893a4d7b7346ff171c2f,0.49,2.0408,81201.77,UP,VITORIA,2.04,1.04,-0.17,17.5,NAO,-,,0.0,0.0
2026-09-20 01:15:10,39,1789863000,81230.87,81253.56,22.69,UP,56775453081132037096691645603442465606791882879592726211938938552566486148702,0x66b135b39515e6fc9910474afa028e1e5670433c7e5dd92bb5e548ace23b3581,SUCCESS,0x47c6688de4c1d918e73c0dc63fe884803121a04ca9bce8976001dd603f01d800,0.525,1.9048,81258.86,UP,VITORIA,1.9,0.9,0.64,18.32,NAO,-,,0.0,0.0
2026-09-20 01:20:18,40,1789863300,81258.86,81241.78,-17.08,DOWN,90859539939531214513941870870882906517075478395736398748836581459266457404667,0x09f78587b77bf0599b76380efd5b6a752c0779c0d89e4c3e9c35352ddbc92d50,SUCCESS,0xa951c453f68b0eab28a8191c99986be0592d39ca5bb1cde405e9b0e3aa851ab7,0.505,1.9802,81251.34,DOWN,VITORIA,1.98,0.98,0.7,18.37,NAO,-,,0.0,0.0
2026-09-20 01:25:07,41,1789863600,81233.58,81190.64,-42.94,DOWN,32167581568347301352796792155090024667336770646797686073142165338605294345258,0x45de09501e24a59a9a197d810fc6dbacecd8f484acbf03d6588476a6c277dd1d,SUCCESS,0x7faaa52bd2afb29a42f2b7bf0e41daf8f3dc3920625d5454a38a5a72430995eb,0.495,2.0202,81214.7,DOWN,VITORIA,2.02,1.02,0.8,18.47,NAO,-,,0.0,0.0
2026-09-20 01:30:07,42,1789863900,81286.0,81286.0,0.0,DOWN,45030453362087552977528052104107569358204862142029934082538792671046518433209,0x8a4ac4318c6eac652fe723c270201ccd2c3c5873e02f24fe042158b279048b3a,SUCCESS,0xae1515173c029c9d741d9122a9ea3ffd49902783209e4118eefaf5bc7ecf8e31,0.001,100.0,81275.08,UP,DERROTA,0.0,-1.0,-1.07,18.43,NAO,-,,0.0,0.0,NAO,0.0,NAO,-,
2026-09-20 01:50:04,43,1789865100,81263.89,81263.89,0.0,UP,57767471170128293590864285954974719615356530793247609659697234721421880074847,0x7695fa9ce0073eaee20f0404d846b3b35580e35bd488310f3b8a0887a9d5ceea,SUCCESS,0xc112cf67ebf3701db36ed9551e23b75d768900c1f20c1dbc10af2877e57ef9b1,0.03,33.3333,81263.48,DOWN,DERROTA,0.0,-1.0,-1.07,17.36,NAO,-,,0.0,0.0,NAO,0.0,NAO,-,
2026-09-20 01:55:10,44,1789865400,81263.48,81272.02,8.54,UP,50935282768607050923297467826802358876316885517087488887826174753621113822577,0x76bee1fc71bb7e1fc5b51b76adb446e2bf073b0a81368eef0130f664651b4836,SUCCESS,0xeaf2fcaf7a03a653b40958f858d8769d4c5cb30ca1ac25a25b53da9b6ddba6e8,0.63,1.5873,81269.2,UP,VITORIA,1.59,0.59,-2.09,16.34,NAO,-,,0.0,0.0,NAO,0.0,NAO,-,
2026-09-20 02:00:10,45,1789865700,81269.2,81262.08,-7.12,DOWN,1591729131786601918026684377674251563975329946171712114716302418998595693144,0x15f5b20cb83504e19a1f59bf36e70e7a77e9dd4141cbd1cf38251c4f21635a86,SUCCESS,0xe40c71d2eb98f2cc7d74fc7783a7805d230919fe200b7267a54061bc93bed95c,0.74,1.3514,81274.06,DOWN,VITORIA,1.35,0.35,-1.52,16.91,NAO,-,,0.0,0.0,NAO,0.0,NAO,-,
2026-09-20 02:05:16,46,1789866000,81274.06,81273.91,-0.15,DOWN,53086438762272775667233891322166394774131700660253105135118415555443704781741,0x13a05e09b9ddc13ee64f101e5c53fb3a0abdb98306d6e5d84c946f10fe9c0236,SUCCESS,0x3df513592a69acab980ab6130d980fa4b8baf1163f46f102fe2ebcf0468de283,0.42,2.381,81239.63,DOWN,VITORIA,2.38,1.38,-1.21,17.22,NAO,-,,0.0,0.0,NAO,0.0,NAO,-,
2026-09-20 02:10:17,47,1789866300,81239.63,81232.08,-7.55,DOWN,77282168530714327871665084653117766953289475408328764160361438183738804169750,0x66be60bfadd38f6effd8706af2a857f37508a0e178f7a24a0ee37861410fba37,SUCCESS,0xeefd65394cba994d4788b5566ac7b9ab2628c03419aaea6ff9f761641077e000,0.75,1.3333,81213.85,DOWN,VITORIA,1.33,0.33,0.15,18.58,NAO,-,,0.0,0.0,NAO,0.0,NAO,-,
2026-09-20 02:15:09,48,1789866600,81187.61,81167.61,-20.0,DOWN,74303355827433303126742118198328063852172437387152646250772226375457454885144,0x1969ecdaa3befca232770ffb4cb277b4e87de62037b4bdd3c37fc5223d0c2f01,SUCCESS,0xf25eaf809332a1722a5766eccc7d80432248e0ee331b3303f1901b340b78728b,0.97,1.0309,81107.51,DOWN,VITORIA (TAKE PROFIT ANTECIPADO),1.02,0.02,1.5,19.93,NAO,-,,0.0,0.0,SIM,0.99,NAO,-,
2026-09-20 02:20:15,49,1789866900,81107.51,81079.68,-27.83,DOWN,98132132549937524591534196429510329082945516345661760710810013573646145782165,0xa5700dd39a0cf642154cbfcca5bbfd6fd8effe53263b30ecd1bb10b49f4f2209,SUCCESS,0x18dd46bf1aa303aa60d99b9b591a0ac4a299a42482a640227bcce0b4677a0723,0.9,1.1111,81163.04,UP,DEFESA (PERDA MINIMIZADA),1.01,-0.99,-0.51,17.92,SIM,UP,0xe584ace485788c979076c59d1e2ff717de257fe3a06b56ea9a3840fa05b7a897,1.0101,1.01,NAO,0.0,NAO,-,
2026-09-20 02:25:10,50,1789867200,81158.07,81183.74,25.67,UP,91741809315129061426023629468986726538154131029130794169675890434946682588252,0x9eb83c5b165e018db78b2b1281a2b215f02d2314780999a3e6cd7ae663e53ab6,SUCCESS,0x8fa3d04e50a131f7e1ca6bc96247a81190ff53f01c82b08fc1d70c7590c4cca0,0.94,1.0638,81132.18,UP,VITORIA,1.06,0.06,-0.5,17.93,NAO,-,,0.0,0.0,NAO,0.0,NAO,-,
2026-09-20 02:30:12,51,1789867500,81120.5,81125.38,4.88,UP,7770241623731794233400780006076999663057858469814630774533618598323194995989,0xc60fd4ee4a7267419f0549babea83af5ac381354a5d7e06b2e5f1a4cdd8cf7dd,SUCCESS,0x4bdd1fa948be944991414321bc3356a590cecc5926839719a46552babbe3fb85,0.37,2.7027,81096.32,DOWN,DERROTA,0.0,-1.0,-1.55,16.89,NAO,-,,0.0,0.0,NAO,0.0,NAO,-,
2026-09-20 02:35:09,52,1789867800,81084.73,81064.5,-20.23,DOWN,41761146141022736701856232000964694021927947598951252389087238912967929976372,0x007bc52cf09356ff79ab422fda29a3f980567b434504861954a244b52f9cb8ff,SUCCESS,0x3104b598e8715d63dadd290916dce3692a4b84650a2e41aff50103add4c8eb1b,0.95,1.0526,81037.12,DOWN,VITORIA (TAKE PROFIT ANTECIPADO),1.02,0.02,-1.52,16.91,NAO,-,,0.0,0.0,SIM,0.975,NAO,-,
2026-09-20 02:40:07,53,1789868100,81037.12,81002.06,-35.06,DOWN,115376689569713407897292503061909815075591514036475337554326026091340643001544,0xf75d7e79ba0487f4ff42aed057e8fbf9f132b1b0fa8052855771d2d244a6d820,SUCCESS,0xa2eb7b7708e48817d02f4c389c9c73fe681ce099626cc8648dce77ae0797b090,0.93,1.0753,81076.06,DOWN,VITORIA,1.08,0.08,-2.53,15.9,NAO,-,,0.0,0.0,NAO,0.0,NAO,-,
2026-09-20 02:45:07,54,1789868400,81076.06,81093.98,17.92,UP,16522168610955649269987623865518267930808214469303756802630301405738734176159,0xf85a3935fa9e4bf1a59afd1802f77e7d72bc271424201f4713ec70cdbdb252da,SUCCESS,0x48572ac75419fb304c096082c84e97176904a2b880fe76670012e9eb34d14532,0.74,1.3514,81043.71,UP,VITORIA,1.35,0.35,-3.55,14.89,NAO,-,,0.0,0.0,NAO,0.0,NAO,-,
2026-09-20 02:50:08,55,1789868700,81043.71,81005.82,-37.89,DOWN,16242646346304129011611394580150983981562376103533999183933091853603596359932,0x47e78f459081f2a4f7aa43d459f9df54e11918084d6592a0d2dcf1696ebf5420,SUCCESS,0xc067ce9d09a3cd845a969b118ec2ab531eaeef784ac3d3e07da181877311e322,0.94,1.0638,81045.89,UP,DEFESA (PERDA MINIMIZADA),1.08,-0.92,-5.55,12.88,SIM,UP,0x49ad0510e863e38f85047d972f5b0408e76992cfa0518a85299fda67f533c26b,1.0753,1.08,NAO,0.0,NAO,-,
2026-09-20 11:45:13,56,1789900800,80321.22,80295.46,-25.76,DOWN,47475547454886930287458674592858658775793987775438138053363262545488259361021,0xcaac6f746cc91e610748597ce4bf123a5000af697312027bf1e71e55473ed25a,SUCCESS,0x08c7a3f162036341ce090cc66d8e828b02cbacf8695b274d9792456424d0ccdf,0.58,1.7241,80329.37,UP,DERROTA,0.0,-1.0,-1.03,12.92,NAO,-,,0.0,0.0,NAO,0.0,NAO,-,
2026-09-20 12:50:15,57,1789904700,80414.27,80429.96,15.69,UP,38208785437451981619888557054585996848749825515332272152724415797761811730457,0xf3a4713de6b08d267611b67d4030dd63579ca9f6d065bfc3cbbad2c0055b71f1,SUCCESS,0xf7bfb7a5b7ecfce7b9514966242527df932f65e3648b3758c10bfd0fd1c0203a,0.58,1.7241,80444.42,UP,VITORIA,1.72,0.72,-1.03,11.89,NAO,-,,0.0,0.0,NAO,0.0,NAO,-,
2026-09-20 15:45:16,58,1789915200,80587.03,80585.99,-1.04,UP,35053653784243687922714356140373072712056500983535317315466538568117700724415,0x0ab4945feb7fe24f39cbfa0bb6be24a12f74c9fe85d03669f3b14bb492d670e6,SUCCESS,0x309f8d8162c5cab73c017343b1a1c11fce0deb124d60ce8f1c77c82261ed666a,0.96,1.0417,80605.56,UP,VITORIA (SCOUR SWEEPER),1.04,0.04,-1.0,12.59,NAO,-,,0.0,0.0,NAO,0.0,SIM,UP,0x309f8d8162c5cab73c017343b1a1c11fce0deb124d60ce8f1c77c82261ed666a
2026-09-20 16:00:08,59,1789916100,80662.43,80680.8,18.37,UP,65340902360316722910812854984582226279267499388287994364787824860037518897667,0x379f1f9081a08c65d0521b15bb0c839e25ec8037c3ba76d602e4020d3075cf4f,SUCCESS,0x0b622a76b6c52a3e72db3598fcb3056d792eeadcf19495918c0a5d8fc45dacaf,0.49,2.0408,80637.41,DOWN,DEFESA (PERDA MINIMIZADA),1.02,-0.98,-2.0,11.59,SIM,DOWN,0xd5bbdc53001baafcb1508604bf150c21f7ad2afd6974a140543eead26c41362e,1.0204,1.02,NAO,0.0,NAO,-,
2026-09-20 16:15:17,60,1789917000,80807.39,80764.6,-42.79,DOWN,83296500015724164464418852576255708974164896616584736149032931128500761377043,0x5008eb2e0e14f584ec598972833a082bfde555f278d7be3b14df1d6909c020c9,SUCCESS,0x801d82556f5832b73dc880e1b28ff96efa901d9c7e7b3379619f8ad662a528a4,0.56,1.7857,80736.85,DOWN,VITORIA,1.79,0.79,-2.01,11.58,NAO,-,,0.0,0.0,NAO,0.0,NAO,-,
2026-09-20 17:20:16,61,1789920900,81153.05,81125.05,-28.0,DOWN,91380050809321060343386123219006181609180372826927237580524007162430746285523,0xc4d14f8934a1b72b175111c40e5f0f31b848551ea154a4d3c8e6c47db75b790e,SUCCESS,0x79344f68bfc1af4e32d11b0cfe0e5cf462b15a152dd0e7bb422b455a2d5ed696,0.56,1.7857,81107.8,DOWN,VITORIA,1.79,0.79,-1.03,12.34,NAO,-,,0.0,0.0,NAO,0.0,NAO,-,
2026-09-20 17:35:05,62,1789921800,81155.64,81102.91,-52.73,UP,9080240557890567184965661379424270913153537159195228025205337357588574830565,0x4e16a430b59e2b2867e23dea5925374a4fdca967d4fd2942c344a82bd69a0141,SUCCESS,0x14b86ab26594b5e84504ef2727bdbc98c77d2c553c4968ff665231c94991f01a,0.86,1.1628,81226.3,UP,VITORIA (SCOUR SWEEPER),1.16,0.16,0.91,14.27,NAO,-,,0.0,0.0,NAO,0.0,SIM,UP,0x14b86ab26594b5e84504ef2727bdbc98c77d2c553c4968ff665231c94991f01a
2026-09-20 20:45:16,63,1789933200,81241.71,81238.56,-3.15,DOWN,51358654047469139088907762765306371910678982021647816926043235210035515305028,0x38324cc62763ac537a863fd0208560376113cd6e317149d216aa814f5c6af19e,SUCCESS,0xe6e76d8d5c27236a8afbb9c927b6288e2722e38ef8038951fe564b7318c95790,0.37,2.7027,81209.04,DOWN,VITORIA,2.7,1.7,-1.04,13.23,NAO,-,,0.0,0.0,NAO,0.0,NAO,-,
2026-09-20 22:10:13,64,1789938300,80871.17,80935.33,64.16,UP,106746240886064905208236860386061019705040220492946315714087706044379975313097,0x8576160106c4e7ebd7a06acc32ed0c5dd49dfee77bf8a25d37cdb796ef7ec859,SUCCESS,0xbb4e0a2b593e17f2dfa65f7d1a775eec28610fb4070b194509246dee2cffb10a,0.86,1.1628,80857.1,DOWN,DERROTA (SCOUR SWEEPER),0.0,-1.0,-1.02,14.85,NAO,-,,0.0,0.0,NAO,0.0,SIM,UP,0xbb4e0a2b593e17f2dfa65f7d1a775eec28610fb4070b194509246dee2cffb10a
2026-09-20 22:55:16,65,1789941000,80893.3,80910.4,17.1,UP,57672650190107843397630759852040614560131596773263073470419594457639826500452,0x69880ac6fc5e024d8d94262efe9fc0c935131b9fd52c85fe279c111740c0143a,SUCCESS,0x2fcc2e1b9c2e059a2b5254924de1259a85b73d7bf42ccab6aa820bbdc114b5ac,0.38,2.6316,80879.48,DOWN,DERROTA,0.0,-1.0,-2.04,13.81,NAO,-,,0.0,0.0,NAO,0.0,NAO,-,
2026-09-20 23:05:16,66,1789941600,80913.12,80793.09,-120.03,DOWN,43792993346023339015133000689716862509942324735269615546737381410390196782450,0xf741f7e68aebdd63731751d21be7f2eb56743e17510f6a84443ca044eb8dccd0,SUCCESS,0x5c810c98969a7d6bf0b4d43493ce561307372fbc775e77390b3185bd0d1caeee,0.9,1.1111,80870.99,DOWN,VITORIA (SCOUR SWEEPER),1.11,0.11,-2.05,12.8,NAO,-,,0.0,0.0,NAO,0.0,SIM,DOWN,0x5c810c98969a7d6bf0b4d43493ce561307372fbc775e77390b3185bd0d1caeee
2026-09-20 23:50:18,67,1789944300,81113.41,81135.83,22.42,UP,44762081308724919105730979832718399632286494848423673624430754985859655155695,0xefe9f2c33f58a9e8633495ae4a66d824b397bd93b302a5826561baeca4890bd0,SUCCESS,0xbde8de77230f34ac0f754fee3e30393995d5037fd98379bf232c8a279e616e61,0.6,1.6667,81175.81,UP,VITORIA (TAKE PROFIT ANTECIPADO),1.43,0.43,0.41,14.28,NAO,-,,0.0,0.0,SIM,0.88,NAO,-,
2026-09-21 00:05:07,68,1789945200,81188.24,81167.58,-20.66,DOWN,72302227948990682202342295983563189074912709220684121925220957811141853202221,0x47872d0858cf9f9eb50b1b2ec863bc828fcd588efb607ba0a6c96ba61ad4469e,SUCCESS,0xe36febf65ccdd73a9278d3f0193a282280c6a3c0db9faa1687c6abd594319f6d,0.94,1.0638,81126.37,DOWN,VITORIA (SCOUR SWEEPER),1.06,0.06,-0.59,13.27,NAO,-,,0.0,0.0,NAO,0.0,SIM,DOWN,0xe36febf65ccdd73a9278d3f0193a282280c6a3c0db9faa1687c6abd594319f6d
2026-09-21 00:10:18,69,1789945500,81113.99,81131.73,17.74,UP,71220643853588632659784960799122304224793097290519432856236241787468202235759,0xdd2c8dca188036f7ba497c6a3bfd66a1ebb637aaa939f8d1f962d69efbf068cd,SUCCESS,0x6192c8c6607d61c7b8b9d295fe6f0245156e88eabad9ba827969eadb52390d74,0.88,1.1364,81206.03,UP,VITORIA (SCOUR SWEEPER),1.14,0.14,-0.56,13.31,NAO,-,,0.0,0.0,NAO,0.0,SIM,UP,0x6192c8c6607d61c7b8b9d295fe6f0245156e88eabad9ba827969eadb52390d74
2026-09-21 00:20:18,70,1789946100,81137.64,81164.91,27.27,UP,41016373838371218981880874341135512491610966683620404791462213048037036052109,0x931c092c47ec74e651f39e9e60d46733b0badd8ac545ceffe1f323d93ffb0ccb,SUCCESS,0xadd97f2caebbd7667c07e3d4fd1c31611b7b177ec03dcdf8e24e9918cbb46a86,0.6,1.6667,81230.84,UP,VITORIA (TAKE PROFIT ANTECIPADO),1.51,0.51,1.03,14.9,NAO,-,,0.0,0.0,SIM,0.91,NAO,-,
2026-09-21 01:00:17,71,1789948500,81159.72,81166.5,6.78,DOWN,1189427611500830744649952501486918313559608480537677760444573774279310464319,0xb643bf52be61cdb33be0d9664b8eca923799ea06f75188a3e1857a1e2b7ad970,SUCCESS,0xec4b1af674874c168370da1dc1e7142c9fb775a32dd4de59ec78f42c69ca7919,0.88,1.1364,81145.0,DOWN,VITORIA (SCOUR SWEEPER),1.12,0.12,1.15,15.02,NAO,-,,0.0,0.0,NAO,0.0,SIM,DOWN,0xec4b1af674874c168370da1dc1e7142c9fb775a32dd4de59ec78f42c69ca7919
2026-09-21 01:25:25,72,1789950000,81763.15,81792.5,29.35,DOWN,106315310366262808496420146389541635023487371826179290552787727690660063987069,0x41f6f64823fc5aeebcf58f02a3e821bca6114df470ac844933d289c51190504c,SUCCESS,0x6300d9edda7b815ad5360c5ecc0c9bcf6ac2a422f3c1d5aaf6a1c482340d51c1,0.49,2.0408,81765.74,UP,DEFESA (STOP LOSS ANTECIPADO),0.94,-0.06,-0.13,14.88,NAO,-,,0.0,0.0,SIM,0.46,NAO,-,
2026-09-21 01:30:24,73,1789950300,81755.21,81765.88,10.67,DOWN,103632151624532322875958355132430213976687348978490046880507704593042724758976,0xfc7601c7889390b97a41315fada25fe911e58cf87be5917f5fe0b17d72366e58,SUCCESS,0x9ce99cd860dd981c644810e9a9d47b1c6514cc56fcf66a587ec88e6b70dfdc26,0.94,1.0638,81715.11,DOWN,VITORIA (SCOUR SWEEPER),1.06,0.06,-1.14,13.88,NAO,-,,0.0,0.0,NAO,0.0,SIM,DOWN,0x9ce99cd860dd981c644810e9a9d47b1c6514cc56fcf66a587ec88e6b70dfdc26
2026-09-21 01:40:25,74,1789950900,81612.35,81709.12,96.77,UP,18096783579240910749911047237835706773509892311896957643730559663565922456932,0x2cc9bd32e45a5990001e72542b6d1df7254f3ac492aa8fe0ee5b2b4070dafb2d,SUCCESS,0x87cee378d14f698fac41dd507395cfa24b79c0798e9d35e6c0bda3239f40179c,0.57,1.7544,81660.46,DOWN,DERROTA (SCOUR SWEEPER),0.0,-1.0,-1.11,13.9,NAO,-,,0.0,0.0,NAO,0.0,SIM,UP,0x87cee378d14f698fac41dd507395cfa24b79c0798e9d35e6c0bda3239f40179c
2026-09-21 02:00:07,75,1789952100,81673.87,81622.16,-51.71,DOWN,88303526640868862788651064116805515538083445214223824021043448036871889616651,0x23cc09188b097b2fc336007a6e590a68e0e6419a50a919d97b2187d29c44df3d,SUCCESS,0x23c6c1dfefb80a9c7b9b551cd5fc3f191f480bcb19437b7d462269646994b10e,0.96,1.0417,81605.97,DOWN,VITORIA (SCOUR SWEEPER),1.04,0.04,-1.0,12.9,NAO,-,,0.0,0.0,NAO,0.0,SIM,DOWN,0x23c6c1dfefb80a9c7b9b551cd5fc3f191f480bcb19437b7d462269646994b10e
2026-09-21 02:05:19,76,1789952400,81605.97,81538.05,-67.92,DOWN,679363090130990432530714990325497449371269517005450502946376996670232099756,0xe9c9a05ff84674c8e014f3458cd28e5d8d98086bb09c9e2a4feffa4db6a526f3,SUCCESS,0xeaf87dec9c71ad8abf1682ce7c828f59a4f25a62835e0771e93e5130cb5e152a,0.94,1.0638,81589.15,DOWN,VITORIA (SCOUR SWEEPER),1.06,0.06,-0.96,12.94,NAO,-,,0.0,0.0,NAO,0.0,SIM,DOWN,0xeaf87dec9c71ad8abf1682ce7c828f59a4f25a62835e0771e93e5130cb5e152a
2026-09-21 02:20:50,77,1789953300,81763.88,81764.23,0.35,DOWN,73058334002412371836618961110530976559540364734443303190798137146775914078038,0x2adf632304405d7901d86d8bccbac9a9b4fdddc19d6a825a620966249e88cd0c,SUCCESS,0x343059cc7c38bbeeedcac52a57dc173faf4661298d987bc5bb0e40f14a35db19,0.97,1.0309,81755.2,DOWN,VITORIA (SCOUR SWEEPER),1.03,0.03,-0.92,12.98,NAO,-,,0.0,0.0,NAO,0.0,SIM,DOWN,0x343059cc7c38bbeeedcac52a57dc173faf4661298d987bc5bb0e40f14a35db19
2026-09-21 03:00:49,78,1789955700,80944.86,80979.54,34.68,UP,69996752145145771188060296623177281268421635801124319014828360790520685107445,0x0e0e9d9cd17bbb2de51fbb8b99d4b4aa9c8d3f2a6b08be644ca98fb6f594a763,SUCCESS,0x633e638fc69d62c164a970f1049522e6a0430a8f665bb6bf19766501ad34144d,0.84,1.1905,80976.32,UP,VITORIA (SCOUR SWEEPER),1.19,0.19,-0.91,12.99,NAO,-,,0.0,0.0,NAO,0.0,SIM,UP,0x633e638fc69d62c164a970f1049522e6a0430a8f665bb6bf19766501ad34144d
2026-09-21 03:50:50,79,1789958700,81295.73,81275.87,-19.86,DOWN,20014529285034854899097069100842083846987675003810505060528701555854644687944,0x594c50804806202ca206d511222239475eeadd067a4d8e8dfd03c8a5075fcee1,SUCCESS,0x75a122c55f4f8205a005e8d26476bdf64ded03fbf237ad15a53906073c716173,0.94,1.0638,81215.62,DOWN,VITORIA (SCOUR SWEEPER),1.06,0.06,-0.58,13.32,NAO,-,,0.0,0.0,NAO,0.0,SIM,DOWN,0x75a122c55f4f8205a005e8d26476bdf64ded03fbf237ad15a53906073c716173
2026-09-21 04:30:07,80,1789961100,81421.43,81469.91,48.48,UP,4074679768022700435013725766136555530053530152707616611741734738635157938794,0x5b8a4856736cb14036b68956b7648edd912d3b57be87659feb25f9a77fa08f5d,SUCCESS,0x818dfe9d7abbcce2530eb24de5b5eb38da74141ad181d80ce5acbe5832d9d790,0.65,1.538462,81364.66,DOWN,DEFESA (STOP LOSS ANTECIPADO),0.29,-0.71,-0.27,13.64,NAO,-,,0.0,0.0,SIM,0.19,NAO,-,
2026-09-21 04:45:14,81,1789962000,81460.71,81449.16,-11.55,DOWN,84941638500365672951813036023829644357295303700597923283452258928987511625891,0xab13bab97071bf37c0bf18292c5613472ef4af057d25bb6ca4a29005acaa8eb2,SUCCESS,0xd6519941851a73e116e84fcf714a804a02088502b668c68badbe1add1d2b849b,0.97,1.0309,81426.09,DOWN,VITORIA (SCOUR SWEEPER),1.03,0.03,-1.27,12.63,NAO,-,,0.0,0.0,NAO,0.0,SIM,DOWN,0xd6519941851a73e116e84fcf714a804a02088502b668c68badbe1add1d2b849b
2026-09-21 05:20:50,82,1789964100,81300.36,81310.28,9.92,DOWN,98418249533710716278101431117516485361685829697580156130692225941726729550456,0x5ab3b962e86dbdd2c32b16433553977b7c00561c84d8f4d9aba3b2612b6b8f54,SUCCESS,0x36c754bf1e986ee9036ebd19c4a7b2bb0bb5bb3aebddb55346ae2222642b3cf8,0.83,1.2048,81263.84,DOWN,VITORIA (SCOUR SWEEPER),1.2,0.2,-1.25,12.65,NAO,-,,0.0,0.0,NAO,0.0,SIM,DOWN,0x36c754bf1e986ee9036ebd19c4a7b2bb0bb5bb3aebddb55346ae2222642b3cf8
2026-09-21 05:35:50,83,1789965000,81229.46,81211.69,-17.77,UP,94711625042557087027686473427261983545088408383962992591278022123498914466535,0xa2397e85f2625285c6b5a4367de2d8d8bd06837be6540209fe994884d32fd32d,SUCCESS,0xa73d70f0a296293239b2c273842756426e2ae33d7decc486eda2da92cd28e8ef,0.65,1.5385,81305.53,UP,VITORIA (SCOUR SWEEPER),1.54,0.54,-1.03,12.87,NAO,-,,0.0,0.0,NAO,0.0,SIM,UP,0xa73d70f0a296293239b2c273842756426e2ae33d7decc486eda2da92cd28e8ef
2026-09-21 05:45:10,84,1789965600,81342.28,81366.35,24.07,UP,91180862423447460580286240537264051885880262932243548683308141159918227373950,0xb7b04e0d17147ad3f34c76cd7974ae0eb1e586f64dbebac763d7395df0a9c1b3,SUCCESS,0x4dc6f092a65e007894db0fb46546eb08bfe59785a1d56cb7bc5927fb6ac7bafa,0.93,1.0753,81388.58,UP,VITORIA (SCOUR SWEEPER),1.08,0.08,-0.42,13.48,NAO,-,,0.0,0.0,NAO,0.0,SIM,UP,0x4dc6f092a65e007894db0fb46546eb08bfe59785a1d56cb7bc5927fb6ac7bafa
2026-09-21 06:00:50,85,1789966500,81366.78,81420.08,53.3,UP,65773984929988599937897659090885651619899572499095358148335763671272701318419,0xdf8ba3dd6a7d0cfe40d2dabe04fa3b56389e0e7c4cbdf46aec6f6ca62e431315,SUCCESS,0x4ae8329eb8a82efb24dc8987f24a2c896f3c645a779810a52ff03dc306ce6bba,0.56,1.754386,81367.56,UP,VITORIA,1.75,0.75,-0.38,13.53,NAO,-,,0.0,0.0,NAO,0.0,NAO,-,
2026-09-21 07:10:50,86,1789970700,81633.26,81618.97,-14.29,DOWN,12391932351319814586302415605299093877018154187853712436804690675594983578627,0xb8ea9c5cd0387305719f5a37de6cec9174a2a92cd6eb0126f5a845d619c36836,SUCCESS,0x0b097d85303a3075c59c1f1e1e65c656f88a7d580b82f7bbdb529531c7bedf90,0.86,1.1628,81599.39,DOWN,VITORIA (SCOUR SWEEPER),1.16,0.16,-1.39,12.52,NAO,-,,0.0,0.0,NAO,0.0,SIM,DOWN,0x0b097d85303a3075c59c1f1e1e65c656f88a7d580b82f7bbdb529531c7bedf90
2026-09-21 07:15:50,87,1789971000,81589.08,81623.66,34.58,UP,110139631783988738985316842665868963572124021019378672954426457949958310392202,0xbb60f63a6013e224465df592d5150df0a59bbb3b63a0985b983d1caeb2ef57ae,SUCCESS,0xd8a8483f188d4f4dcc3de4ca0b5ad8bafe196498217e349b84192764caed3293,0.64,1.5625,81597.72,UP,VITORIA (SCOUR SWEEPER),1.56,0.56,-1.28,12.62,NAO,-,,0.0,0.0,NAO,0.0,SIM,UP,0xd8a8483f188d4f4dcc3de4ca0b5ad8bafe196498217e349b84192764caed3293
2026-09-21 07:25:07,88,1789971600,81769.33,81759.14,-10.19,UP,15993238864396490279299502788593183748335146798170227073295274140972578778832,0xd1e31a0f466d44b48a26b9e7f89075a273758391420cdfe97f85048343db1db2,SUCCESS,0xd6fb93d8ed3a6f69f7aaf3f44735c69715cb424c0f2df252b1363179f0e44069,0.83,1.2048,81817.76,UP,VITORIA (SCOUR SWEEPER),1.2,0.2,-0.41,13.5,NAO,-,,0.0,0.0,NAO,0.0,SIM,UP,0xd6fb93d8ed3a6f69f7aaf3f44735c69715cb424c0f2df252b1363179f0e44069
2026-09-21 08:30:50,89,1789975500,81597.4,81617.19,19.79,UP,64078869146686561195551892888213508878398955400695541885075904308227786943611,0x8a3386cb965234f158b5588ddf8b62c874c6d54427fe8f0cf68c3dc5c7df42b1,SUCCESS,0xa8200a5142a23149c3c61f6eddfdacbed67bf8063e0c4d7efe02c708d82b4e64,0.83,1.2048,81621.01,DOWN,DERROTA (SCOUR SWEEPER),0.0,-1.01,-0.21,13.69,NAO,-,,0.0,0.0,NAO,0.0,SIM,UP,0xa8200a5142a23149c3c61f6eddfdacbed67bf8063e0c4d7efe02c708d82b4e64
2026-09-21 09:30:10,90,1789979100,82141.14,82197.18,56.04,UP,81664676433130518150792058210839206497339035829845131306572833016479450776902,0x5507f30f428eac922d7bfef9c27a8d65420d2435ce067a0db2f368356163cae4,SUCCESS,0x5f14f50d31cb397f02209e256c16a75df06f9297d06f28c3fa9952295f7e5906,0.64,1.5625,82231.77,UP,DEFESA (STOP LOSS ANTECIPADO),0.62,-0.38,-0.43,13.26,NAO,-,,0.0,0.0,SIM,0.4,NAO,-,
2026-09-21 09:45:10,91,1789980000,83506.4,83759.45,253.05,UP,18638336969375905030182022329645453436317032939256245392799569461708729773485,0x26c09ddcc58e386e2354f125ee95df31a77c92266574f4d797d963bbc6b5ab1f,SUCCESS,0x9a76780ad1edf56f5722b2d23df3936cbb3f24c6d2af95dbf09203c2353fd9db,0.78,1.2821,83603.32,UP,VITORIA (SCOUR SWEEPER),1.28,0.28,-1.44,13.58,NAO,-,,0.0,0.0,NAO,0.0,SIM,UP,0x9a76780ad1edf56f5722b2d23df3936cbb3f24c6d2af95dbf09203c2353fd9db
2026-09-21 10:35:07,92,1789983000,84468.47,84412.07,-56.4,UP,20601320742439808671838854637792670764417760535211226738222332847407041740742,0xc13f6a4d5a70d756b42e17b13105d89f5d830467df83bd689b3df0c672b6b516,SUCCESS,0xcb3308a504b90605edd35341209d66b9cc26f3964754c3ea408c5e046f8dbe7e,0.92,1.087,84571.5,UP,VITORIA (SCOUR SWEEPER),1.09,0.09,-1.0,13.62,NAO,-,,0.0,0.0,NAO,0.0,SIM,UP,0xcb3308a504b90605edd35341209d66b9cc26f3964754c3ea408c5e046f8dbe7e
2026-09-21 10:45:10,93,1789983600,84924.33,84904.84,-19.49,UP,21068850315498391967005109105605816600859008372065958132293667237107727801109,0xda4de08b977155ec4239e8f9c9548e69f8c1ad14c226cbf6a6dbedcc4449534c,SUCCESS,0xb5ce63ee3abea306977eef727438d456fe4a728bcb7be049dd1fe5a26f80c45f,0.64,1.5625,84976.69,DOWN,DERROTA (SCOUR SWEEPER),0.0,-1.0,-1.0,11.58,NAO,-,,0.0,0.0,NAO,0.0,SIM,UP,0xb5ce63ee3abea306977eef727438d456fe4a728bcb7be049dd1fe5a26f80c45f
2026-09-21 10:50:10,94,1789983900,85015.61,84962.75,-52.86,DOWN,47824564900513101194244417069070779228043375206404225837706991829861145159028,0xb2e70efb3d4b979e1cd617158264b567d6e648814a92c3714536fb2e76c54061,SUCCESS,0x5753453b5078f66ab56340761aed994939102a209995b8cd2fc5280e480e9af3,0.96,1.0417,84904.05,DOWN,VITORIA (SCOUR SWEEPER),1.04,0.04,-2.0,12.61,NAO,-,,0.0,0.0,NAO,0.0,SIM,DOWN,0x5753453b5078f66ab56340761aed994939102a209995b8cd2fc5280e480e9af3
2026-09-21 11:00:07,95,1789984500,84670.41,84627.09,-43.32,DOWN,22760191243516828320934281792054785572990950023328549418740590651452133340907,0xb198577d977840ab835e3b35321c92d05d9aba9b48e660c545835b4821743a17,SUCCESS,0x2e3f9320b55a709bffeb4490f24b1e2bfa0b043656a6e2ef8a16142fd8bd0eee,0.59,1.6949,84575.49,DOWN,VITORIA (TAKE PROFIT ANTECIPADO),1.43,0.43,-0.58,13.0,NAO,-,,0.0,0.0,SIM,0.86,NAO,-,
2026-09-21 11:05:11,96,1789984800,84626.55,84768.07,141.52,DOWN,50815934330335503777223667936671303532001142851554177801611824274030902917971,0xe0985c77cb31e83e254f964ab1b23bb2e050d8dbcc8fef7d074db004950364ac,SUCCESS,0xdcfd4a892dde9c57548688ffce506756194a56f2f1f924c8b82fb3a6e87ad1f2,0.97,1.0309,84573.47,DOWN,VITORIA (SCOUR SWEEPER),1.03,0.03,-1.59,11.99,NAO,-,,0.0,0.0,NAO,0.0,SIM,DOWN,0xdcfd4a892dde9c57548688ffce506756194a56f2f1f924c8b82fb3a6e87ad1f2
2026-09-21 11:10:10,97,1789985100,84573.47,84570.7,-2.77,UP,46035937951225004283073927508242323127494084366520647030220787984896747516056,0xc01891e6e5250cae3f84508589087a3465566f8f9437e490c509860d138fe03f,SUCCESS,0x99905b85f765f49bb34e0f5ec0110f5413ca5d50384fac4ad62947710c62436c,0.49,2.0408,84612.07,UP,VITORIA (TAKE PROFIT ANTECIPADO),1.92,0.92,0.32,13.9,NAO,-,,0.0,0.0,SIM,0.96,NAO,-,
2026-09-21 11:55:08,98,1789987800,84200.02,84154.5,-45.52,DOWN,34324342215841715376001396968489993024118386554408997941267623150207706179931,0x356df4205e0c570d7318720a8ba088b19ac329ae63ae624b9687e741fb281f44,SUCCESS,0xaab5983db001f03df63860e36375d0e8b4418a67f7e404f29807ba2695dc677e,0.88,1.1364,84200.81,UP,DERROTA (SCOUR SWEEPER),0.0,-1.0,-0.68,12.9,NAO,-,,0.0,0.0,NAO,0.0,SIM,DOWN,0xaab5983db001f03df63860e36375d0e8b4418a67f7e404f29807ba2695dc677e
2026-09-21 12:10:11,99,1789988700,84487.49,84522.96,35.47,UP,64929714175319429996489162688845618463974112430412264558817001994165299176211,0xac879e634eda6d422854d4fd7f7dd2e46358ad51fb2e0a09f354a3b6bf861f79,SUCCESS,0xf13a3e386a211fac0c9c699ea24a4b6f1b0162262e22ddae2b624d4e73139910,0.87,1.1494,84542.98,UP,VITORIA (SCOUR SWEEPER),1.15,0.15,-1.69,11.89,NAO,-,,0.0,0.0,NAO,0.0,SIM,UP,0xf13a3e386a211fac0c9c699ea24a4b6f1b0162262e22ddae2b624d4e73139910
2026-09-21 13:20:08,100,1789992900,84978.58,85032.88,54.3,UP,103124417607686025466341825174276730169675514822293096171410163720020695093245,0x2c713c6de44a8ec4e2e1bc5baa5b239b96fcca67be864e8d866082e7b5bfe91b,SUCCESS,0x82c96729a6b03c9f2e4d9fd21bbb1f22bcc67d7af6761885eda302cd734615eb,0.53,1.851852,85236.42,UP,VITORIA (TAKE PROFIT ANTECIPADO),1.76,0.76,0.7,13.74,NAO,-,,0.0,0.0,SIM,0.95,NAO,-,
2026-09-21 13:50:11,101,1789994700,85188.21,85150.3,-37.91,DOWN,70119882862179154971947880313198547758122628488620983531967926869365786717386,0x7b3f48436b4a358b4b9261e438f3e3f889982f19b0831ff051a28f7768fe4989,SUCCESS,0x78f131d18592c2e4d6778d9a114902c84c06f536ecf68fd54bf78fbdee51aec0,0.57,1.960785,85237.1,UP,DEFESA (STOP LOSS ANTECIPADO),0.33,-0.67,-0.04,13.0,NAO,-,,0.0,0.0,SIM,0.17,NAO,-,
2026-09-21 14:20:07,102,1789996500,85147.39,85081.85,-65.54,DOWN,4314121794535005370468081599592264516596790340885082439371982683375086658252,0x4d109cd4819f84f6e210374ef9e4ad5c1c622d46ab059594697a6da6f451b342,SUCCESS,0xe073805af5240a159bf9dc83014427d326da5950231a002ca4cf2ea30ee12783,0.62,1.6129,85181.9,DOWN,VITORIA (SCOUR SWEEPER),1.61,0.61,-1.07,13.85,NAO,-,,0.0,0.0,NAO,0.0,SIM,DOWN,0xe073805af5240a159bf9dc83014427d326da5950231a002ca4cf2ea30ee12783
